"Organization","Date","Client","Project","Member","To-do","Manual","Started","Stopped","Duration","Activity"
"Bacancy Technology LLP","2024-10-16",,"BFC Holding","Himanshu  Pranami",,"0%","2024-10-16T10:38:27+05:30","2024-10-16T14:43:01+05:30","4:04:34","30%"
"Bacancy Technology LLP","2024-10-16",,"BFC Holding","Himanshu  Pranami",,"0%","2024-10-16T14:43:02+05:30","2024-10-16T19:57:56+05:30","5:14:54","52%"
"Bacancy Technology LLP","2024-10-16",,"Bacancy","Soham Gohil",,"0%","2024-10-16T10:16:09+05:30","2024-10-16T18:58:16+05:30","8:42:07","37%"
"Bacancy Technology LLP","2024-10-16",,"Chat support","Mihir","support","0%","2024-10-16T00:00:00+05:30","2024-10-16T03:40:39+05:30","3:40:39","18%"
"Bacancy Technology LLP","2024-10-16",,"Chat support","Mihir","support","0%","2024-10-16T04:14:10+05:30","2024-10-16T05:06:51+05:30","0:52:41","16%"
"Bacancy Technology LLP","2024-10-16",,"Chat support","Mihir","support","0%","2024-10-16T06:00:27+05:30","2024-10-16T06:22:37+05:30","0:22:10","0%"
"Bacancy Technology LLP","2024-10-16",,"Chat support","Mihir","support","0%","2024-10-16T06:22:38+05:30","2024-10-16T10:23:16+05:30","4:00:38","2%"
"Bacancy Technology LLP","2024-10-16",,"Chat support","Mihir","support","0%","2024-10-16T10:23:17+05:30","2024-10-16T10:29:07+05:30","0:05:50","9%"
"Bacancy Technology LLP","2024-10-16",,"Chat support","Mihir","support","0%","2024-10-16T22:59:21+05:30","2024-10-17T00:00:00+05:30","1:00:39","11%"
"Bacancy Technology LLP","2024-10-16",,"Data Wave","Paresh Radadiya",,"0%","2024-10-16T11:59:13+05:30","2024-10-16T20:18:14+05:30","8:19:01","54%"
"Bacancy Technology LLP","2024-10-16",,"IAFS","Rutul Patel",,"0%","2024-10-16T11:02:38+05:30","2024-10-16T13:28:54+05:30","2:26:16","56%"
"Bacancy Technology LLP","2024-10-16",,"IAFS","Rutul Patel",,"0%","2024-10-16T13:29:26+05:30","2024-10-16T14:58:28+05:30","1:29:02","0%"
"Bacancy Technology LLP","2024-10-16",,"IAFS","Rutul Patel",,"0%","2024-10-16T14:58:29+05:30","2024-10-16T19:43:29+05:30","4:45:00","42%"
"Bacancy Technology LLP","2024-10-16",,"Joy App","Nakul Chauhan",,"0%","2024-10-16T10:54:51+05:30","2024-10-16T13:43:06+05:30","2:48:15","33%"
"Bacancy Technology LLP","2024-10-16",,"Joy App","Nakul Chauhan",,"0%","2024-10-16T15:24:00+05:30","2024-10-16T21:50:23+05:30","6:26:23","52%"
"Bacancy Technology LLP","2024-10-16",,"Marketing","Bansidhar Prajapati",,"0%","2024-10-16T14:30:10+05:30","2024-10-16T14:58:17+05:30","0:28:07","3%"
"Bacancy Technology LLP","2024-10-16",,"Marketing","Bansidhar Prajapati",,"0%","2024-10-16T14:58:18+05:30","2024-10-16T18:55:41+05:30","3:57:23","10%"
"Bacancy Technology LLP","2024-10-16",,"Marketing","Bansidhar Prajapati",,"0%","2024-10-16T18:55:42+05:30","2024-10-16T23:01:43+05:30","4:06:01","18%"
"Bacancy Technology LLP","2024-10-16",,"Marketing","Suryapratap mala",,"0%","2024-10-16T00:00:00+05:30","2024-10-16T00:26:15+05:30","0:26:15","0%"
"Bacancy Technology LLP","2024-10-16",,"Marketing","Suryapratap mala",,"0%","2024-10-16T00:26:16+05:30","2024-10-16T00:26:31+05:30","0:00:15","73%"
"Bacancy Technology LLP","2024-10-16",,"Marketing","Yash Makwana",,"0%","2024-10-16T06:51:21+05:30","2024-10-16T07:38:43+05:30","0:47:22","10%"
"Bacancy Technology LLP","2024-10-16",,"Marketing","Yash Makwana",,"0%","2024-10-16T07:38:44+05:30","2024-10-16T08:26:18+05:30","0:47:34","1%"
"Bacancy Technology LLP","2024-10-16",,"Marketing","Yash Makwana",,"0%","2024-10-16T08:26:19+05:30","2024-10-16T10:40:24+05:30","2:14:05","7%"
"Bacancy Technology LLP","2024-10-16",,"Marketing","Yash Makwana",,"0%","2024-10-16T10:40:25+05:30","2024-10-16T15:02:32+05:30","4:22:07","32%"
"Bacancy Technology LLP","2024-10-16",,"Stellar Payment Systems","Hardik Shyara",,"0%","2024-10-16T10:11:42+05:30","2024-10-16T12:27:01+05:30","2:15:19","35%"
"Bacancy Technology LLP","2024-10-16",,"Stellar Payment Systems","Hardik Shyara",,"0%","2024-10-16T12:27:02+05:30","2024-10-16T12:57:30+05:30","0:30:28","51%"
"Bacancy Technology LLP","2024-10-16",,"Stellar Payment Systems","Hardik Shyara",,"0%","2024-10-16T12:58:27+05:30","2024-10-16T13:06:41+05:30","0:08:14","14%"
"Bacancy Technology LLP","2024-10-16",,"Stellar Payment Systems","Hardik Shyara",,"0%","2024-10-16T15:29:21+05:30","2024-10-16T20:25:15+05:30","4:55:54","43%"
"Bacancy Technology LLP","2024-10-16",,"Stellar Payment Systems","Hardik Shyara",,"0%","2024-10-16T20:48:07+05:30","2024-10-16T21:14:06+05:30","0:25:59","61%"
"Bacancy Technology LLP","2024-10-16",,"Stellar Payment Systems","Mohit Kanada",,"0%","2024-10-16T09:38:57+05:30","2024-10-16T13:39:38+05:30","4:00:41","61%"
"Bacancy Technology LLP","2024-10-16",,"Stellar Payment Systems","Mohit Kanada",,"0%","2024-10-16T13:52:54+05:30","2024-10-16T14:50:00+05:30","0:57:06","48%"
"Bacancy Technology LLP","2024-10-16",,"Stellar Payment Systems","Mohit Kanada",,"0%","2024-10-16T14:56:58+05:30","2024-10-16T18:04:18+05:30","3:07:20","60%"
"Bacancy Technology LLP","2024-10-16",,"Stellar Payment Systems","Mohit Kanada",,"0%","2024-10-16T18:05:54+05:30","2024-10-16T19:55:47+05:30","1:49:53","71%"
"Bacancy Technology LLP","2024-10-16",,"Stellar Payment Systems","Mohit Kanada",,"0%","2024-10-16T20:28:19+05:30","2024-10-16T22:56:46+05:30","2:28:27","13%"
"Bacancy Technology LLP","2024-10-16",,"Stellar Payment Systems","Sanjay Sheladiya",,"0%","2024-10-16T08:33:56+05:30","2024-10-16T12:27:36+05:30","3:53:40","54%"
"Bacancy Technology LLP","2024-10-16",,"Stellar Payment Systems","Sanjay Sheladiya",,"0%","2024-10-16T12:51:09+05:30","2024-10-16T17:07:08+05:30","4:15:59","44%"
"Bacancy Technology LLP","2024-10-16",,"Stellar Payment Systems","Sanjay Sheladiya",,"0%","2024-10-16T18:21:31+05:30","2024-10-16T19:30:19+05:30","1:08:48","36%"
"Bacancy Technology LLP","2024-10-16",,"Stellar Payment Systems","Uday Thanki",,"0%","2024-10-16T08:29:55+05:30","2024-10-16T16:30:19+05:30","8:00:24","46%"
"Bacancy Technology LLP","2024-10-16",,"Stellar Payment Systems","Vishal Patel",,"0%","2024-10-16T09:19:06+05:30","2024-10-16T13:35:19+05:30","4:16:13","40%"
"Bacancy Technology LLP","2024-10-16",,"Stellar Payment Systems","Vishal Patel",,"0%","2024-10-16T14:07:54+05:30","2024-10-16T17:18:57+05:30","3:11:03","29%"
"Bacancy Technology LLP","2024-10-16",,"Stellar Payment Systems","Vishal Patel",,"0%","2024-10-16T17:35:06+05:30","2024-10-16T17:52:52+05:30","0:17:46","87%"
"Bacancy Technology LLP","2024-10-16",,"Stellar Payment Systems","Vishal Patel",,"0%","2024-10-16T18:15:18+05:30","2024-10-16T18:30:49+05:30","0:15:31","41%"
"Bacancy Technology LLP","2024-10-16",,"Stellar Payment Systems","Vishal Patel",,"0%","2024-10-16T19:36:31+05:30","2024-10-16T19:47:13+05:30","0:10:42","60%"
"Bacancy Technology LLP","2024-10-16",,"Stellar Payment Systems","Vishal Patel",,"0%","2024-10-16T19:47:17+05:30","2024-10-16T20:28:04+05:30","0:40:47","31%"
"Bacancy Technology LLP","2024-10-16",,"Ubix","Ashish mishra",,"0%","2024-10-16T10:21:35+05:30","2024-10-16T12:51:23+05:30","2:29:48","8%"
"Bacancy Technology LLP","2024-10-16",,"Ubix","Ashish mishra",,"0%","2024-10-16T12:51:24+05:30","2024-10-16T19:47:36+05:30","6:56:12","15%"
